No.,SiglaProyecto,NombreProyecto,NombreEstacionPeaje, 2016Ene , 2016Feb , 2016Mar , 2016Abr , 2016May , 2016Jun , 2016Jul , 2016Ago , 2016Sep , 2016Oct , 2016Nov , 2016Dic , 2017Ene , 2017Feb , 2017Mar , 2017Abr , 2017May , 2017Jun , 2017Jul , 2017Ago , 2017Sep , 2017Oct , 2017Nov , 2017Dic , 2018Ene , 2018Feb , 2018Mar , 2018Abr , 2018May , 2018Jun , 2018Jul , 2018Ago , 2018Sept , 2018Oct , 2018Nov , 2018Dic 
1,APM,ARMENIA-PEREIRA-MANIZALES,CIRCASIA," 272,350 "," 191,931 "," 237,172 "," 196,234 "," 216,590 "," 219,414 "," 237,731 "," 230,308 "," 207,972 "," 233,360 "," 224,161 "," 269,845 "," 9,060 "," 7,007 "," 7,006 "," 7,992 "," 7,020 "," 7,778 "," 7,940 "," 7,737 "," 7,250 "," 7,766 "," 7,780 "," 9,293 "," 289,888 "," 203,841 "," 254,102 "," 219,547 "," 222,486 "," 199,905 "," 256,688 "," 247,892 "," 230,464 "," 247,173 "," 240,944 "," 300,383 "
2,APM,ARMENIA-PEREIRA-MANIZALES,COROZAL,229713,159011,201959,163674,181470,174883,186880,204749,179382,193508,186849,220990,7367.93548387097,5706.60714285714,5538.32258064516,6537.93333333333,5074,6312.46666666667,6553.29032258064,6256.16129032258,5940.6,6271.45161290323,6095.16666666667,7090.64516129032,226678,159986,198039,175620,171792,159998,204259,195559,182830,201643,190100,224507
3,APM,ARMENIA-PEREIRA-MANIZALES,PAVAS,128523,88179,103801,90936,97476,97013,105797,101695,95892,108653,104341,122900,4303.67741935484,3197.57142857143,3304.48387096774,3598.36666666667,4192.22580645161,3555.13333333333,3556.45161290323,3550.74193548387,3415.13333333333,3651.32258064516,4176.83333333333,4307.41935483871,140770,102959,117668,107033,109986,93357,118587,118063,104595,114612,109240,128892
4,APM,ARMENIA-PEREIRA-MANIZALES,SAN BERNARDO,111341,80790,98452,82138,93916,90960,102911,98189,89227,99515,95606,122625,3754.77419354839,2973.57142857143,2925.83870967742,2908.03333333333,2680.77419354839,3168.36666666667,3320,3132.51612903226,3214.16666666667,3056.54838709677,3497.63333333333,3906.22580645161,98673,53077,79091,67491,61570,58360,71016,69836,66403,73853,76567,100459
5,APM,ARMENIA-PEREIRA-MANIZALES,SANTAGUEDA,138482,89924,120544,88754,101169,93851,101415,116768,94668,106737,100826,125486,4413.16129032258,3076.78571428571,3037.93548387097,3620.13333333333,2835.35483870968,3504.2,3443.35483870968,3435.45161290323,3101.73333333333,3339.06451612903,3273.56666666667,4001.58064516129,91233,12290,59931,70013,58064,57158,73155,72017,62237,70119,67190,93636
6,APM,ARMENIA-PEREIRA-MANIZALES,TARAPACA I,102351,79860,87081,80870,83168,72835,80616,151346,165040,99615,93678,101941,3541.16129032258,3039.21428571429,2901.74193548387,2954.6,2742.93548387097,2946.8,2950.74193548387,2940.93548387097,2832.06666666667,2873.74193548387,2801.5,3383.41935483871,96067,59858,69606,72441,71817,60035,73961,73372,69485,74292,69941,80484
7,APM,ARMENIA-PEREIRA-MANIZALES,TARAPACA II,290506,202772,252465,210482,233791,231486,242645,185606,138327,234563,227970,278000,9326.1935483871,6943.35714285714,7103.09677419355,8004.86666666667,7244.41935483871,8055.4,8071.61290322581,7875.22580645161,7341.83333333333,7879.96774193548,8081.23333333333,9473.03225806452,276101,170038,240857,223729,221877,201231,252421,247129,221736,241749,234737,290338
8,SV,BOGOTA - SIBERIA - LA PUNTA - EL VINO - VILLETA,CAIQUERO,275069,142564,208017,143959,175161,184340,211533,186802,159077,200521,191994,258301,9247.38709677419,5304.53571428571,5521.90322580645,7096.6,5482.45161290323,6913.1,6856.58064516129,6578.67741935484,5510.33333333333,6713.96774193548,6530.13333333333,9125.90322580645,297080,153451,219167,176086,176462,214556,226198,207882,173691,208560,203104,282390
9,SV,BOGOTA - SIBERIA - LA PUNTA - EL VINO - VILLETA,SIBERIA,593082,434027,521217,453812,506815,504687,549385,509549,457250,517612,489411,577447,18577.5483870968,14894.5,15244.2903225806,17252.1333333333,15689.4193548387,17214.5666666667,17110.5806451613,16980.2258064516,15719.8,17218.7741935484,17231.1333333333,20120.8709677419,601053,440175,539342,480563,492264,532519,558465,543760,498169,537613,525803,636909
10,BV,BOGOTA - VILLAVICENCIO,BOQUERON I Y BOQUERON II,438592,313211,374909,304595,340728,336393,356542,343649,317735,370791,351529,416282,13723.7096774194,10484.8214285714,10883.935483871,12163.7,10613.5161290323,11178.6666666667,10925.5161290323,11457.9677419355,10462.7,11834.7419354839,11570.7,13943.6774193548,424730,267356,362131,319917,309874,347000,341511,299331,283197,348864,344823,419129
12,BV,BOGOTA - VILLAVICENCIO,NARANJAL,393792,274556,330945,266336,294629,293574,308578,297455,274606,319896,300527,358023,12028.2580645161,8923.82142857143,9350.77419354839,10506.7333333333,8937.38709677419,9376.66666666667,9237.12903225806,9898.74193548387,8936.7,10170.935483871,9863.73333333333,12046.3548387097,371073,220522,307081,269005,251936,293282,281950,234460,225968,291074,285413,355037
13,BV,BOGOTA - VILLAVICENCIO,PIPIRAL,383422,263307,319108,253478,281955,282980,300970,287844,266136,314772,296512,354844,11952.064516129,8850.46428571429,9281.09677419355,10487.9333333333,8905.06451612903,9310.23333333333,9132.45161290323,9835.16129032258,8876.2,10130.6451612903,9855.86666666667,12053.8064516129,372908,223727,310837,273412,255888,295927,283925,238006,232825,298317,293347,361040
14,CB,CARTAGENA-BARRANQUILLA,MARAHUACO,150624,116039,130521,105685,115154,117870,133283,122998,111392,121392,114890,132956,4789.41935483871,4116.96428571429,3702.29032258065,4026.06666666667,3365.51612903226,3857.7,4039.83870967742,3766.54838709677,3789.33333333333,4145.93548387097,3848.5,4490.48387096774,152528,119145,136019,117994,111282,120184,135429,129188,114964,127497,125773,154819
15,CB,CARTAGENA-BARRANQUILLA,PAPIROS,40298,42069,42931,45849,47031,37946,32533,37712,38920,29337,27283,27521,1061.74193548387,1015.71428571429,1115.54838709677,1074.96666666667,1241.1935483871,1168.46666666667,1044.16129032258,1319.41935483871,1523.8,1530.22580645161,1760.03333333333,1513.25806451613,48567,44770,50705,56273,56995,44371,134189,54368,55416,55238,54656,51989
16,CB,CARTAGENA-BARRANQUILLA,PUERTO COLOMBIA,224862,161503,193958,149624,170995,168219,198028,173502,154640,170667,159063,189124,6963.41935483871,5703.57142857143,5217.16129032258,5978.9,4869.74193548387,5664.93333333333,5912.22580645161,5438.22580645161,5220.66666666667,5787.32258064516,5592.73333333333,6509.48387096774,214778,159335,191824,157748,154361,176143,201883,184915,163986,179552,181665,220649
17,DVN,DESARROLLO VIAL DEL NORTE DE BOGOTA,ANDES,1036048,1001589,1058358,1025509,1066629,1039355,1047928,1103631,1076323,1119480,1094885,1247473,34749,35589.0714285714,35253.1290322581,35576.5666666667,35533.8387096774,36571.9333333333,36150.064516129,36997.5806451613,36328,36492.6774193548,37311.6,0,0,0,0,0,0,0,0,0,0,0,0,0
18,DVN,DESARROLLO VIAL DEL NORTE DE BOGOTA,FUSCA,85477,96283,99700,104633,108070,96278,89580,104129,108411,104041,105452,107204,2772.22580645161,3661.17857142857,3752.1935483871,3311.63333333333,3356.29032258065,3109.96666666667,2870.54838709677,3383.67741935484,3263.3,3151.1935483871,3330.76666666667,0,0,0,0,0,0,0,0,0,0,0,0,0
19,DVN,DESARROLLO VIAL DEL NORTE DE BOGOTA,UNISABANA,6918,7898,8454,7808,7005,6104,6307,8184,5835,6378,7062,7393,207.838709677419,233.071428571429,211.41935483871,205.233333333333,222.677419354839,224.766666666667,219.645161290323,225.645161290323,230.333333333333,230.354838709677,238.9,0,0,0,0,0,0,0,0,0,0,0,0,0
20,DVM,DESARROLLO VIAL DEL ORIENTE DE MEDELLIN,COCORNA,180523,108380,142183,106275,120986,123520,123667,137984,118759,143992,141380,176893,5824.67741935484,4138.46428571429,4107.77419354839,4912.6,4247.32258064516,4994.03333333333,4925.58064516129,4874.83870967742,4285.83333333333,4768.61290322581,4838.73333333333,6047.12903225806,199901,121191,154535,133044,128955,151143,157154,153711,0,0,0,0
21,DVM,DESARROLLO VIAL DEL ORIENTE DE MEDELLIN,GUARNE,679452,531865,608554,536188,596588,588643,597034,634257,579692,546704,497690,600295,7080.12903225806,18141.4285714286,18138.7419354839,19516.4,18868.5483870968,19970.2666666667,20633.0322580645,20129.4838709677,18970.7333333333,19466.5483870968,20216.8,22774.7096774194,691087,549527,639142,588284,602788,647580,674174,674263,621268,651998,647119,764383
22,DVM,DESARROLLO VIAL DEL ORIENTE DE MEDELLIN,LAS PALMAS,276928,262642,282694,265708,286889,277802,293479,292965,281103,298662,300545,338457,10999.7741935484,9743.32142857143,9420.96774193548,9586.76666666667,9592.58064516129,9696.16666666667,9832.51612903226,9852.06451612903,9488,9584.96774193548,9979.5,10823.5806451613,297229,277374,310213,302718,309656,308317,320236,335476,320596,316377,323582,354137
23,DVM,DESARROLLO VIAL DEL ORIENTE DE MEDELLIN,PTO TRIUNFO,157971,92581,126686,92112,102676,106902,107472,117410,98061,114767,112728,146006,4978.51612903226,3314.75,3283.09677419355,4053.2,3318.87096774194,3999.86666666667,3900.12903225806,3881.35483870968,3449.73333333333,3920.16129032258,3889.03333333333,5130.93548387097,169702,99549,126966,110771,106053,122674,128324,127456,0,0,0,0
24,FFA,FONTIBoN - FACATATIVA - LOS ALPES,CORZO,298387,264622,282953,270446,288836,279452,288443,299599,288888,301450,289426,307317,9976.83870967742,9645.67857142857,9505.58064516129,9589.6,9711.64516129032,9688.33333333333,9967.96774193548,9772.96774193548,9449.56666666667,9641.35483870968,9624.03333333333,9937.74193548387,309681,267127,296647,273396,294099,288437,308166,303272,293726,304566,292525,314172
25,FFA,FONTIBoN - FACATATIVA - LOS ALPES,RIO BOGOTA,714286,711530,740442,735962,760224,739632,750798,770933,746908,767333,743670,813290,23510.4838709677,24794.6785714286,25076.4193548387,25070.5333333333,25069.0322580645,25317.3666666667,25377.7741935484,25361.5161290323,24977.7333333333,25218.8709677419,25709.3333333333,27339.9032258065,743777,708900,792520,728417,804820,796714,799442,819476,791831,817909,797097,883196
26,MVM,MALLA VIAL DEL META,IRACA,0,0,0,0,0,0,0,0,0,0,0,0,0,0,0,0,0,0,0,0,0,0,0,0,0,0,0,0,0,0,0,0,0,0,0,0
27,MVM,MALLA VIAL DEL META,LA LIBERTAD,0,0,0,0,0,0,0,0,0,0,0,0,0,0,0,0,0,0,0,0,0,0,0,0,0,0,0,0,0,0,0,0,0,0,0,0
28,MVM,MALLA VIAL DEL META,OCOA,0,0,0,0,0,0,0,0,0,0,0,0,0,0,0,0,0,0,0,0,0,0,0,0,0,0,0,0,0,0,0,0,0,0,0,0
29,MVM,MALLA VIAL DEL META,PUENTE AMARILLO,0,0,0,0,0,0,0,0,0,0,0,0,0,0,0,0,0,0,0,0,0,0,0,0,0,0,0,0,0,0,0,0,0,0,0,0
30,MVM,MALLA VIAL DEL META,VERACRUZ,0,0,0,0,0,0,0,0,0,0,0,0,0,0,0,0,0,0,0,0,0,0,0,0,0,0,0,0,0,0,0,0,0,0,0,0
31,NEG,NEIVA - ESPINAL - GIRARDOT,EL PATA,0,0,0,0,0,41298,122051,110620,97886,115023,109246,139593,,0,0,0,0,0,0,0,0,0,0,0,0,0,0,0,0,0,0,0,0,0,0,0
32,NEG,NEIVA - ESPINAL - GIRARDOT,FLANDES,0,0,0,0,0,55020,159841,150264,138367,158030,152202,182920,0,0,0,0,0,0,0,0,0,0,0,0,0,0,0,0,0,0,0,0,0,0,0,0
33,NEG,NEIVA - ESPINAL - GIRARDOT,NEIVA,0,0,0,0,0,64054,208313,175043,156165,183619,171610,218517,0,0,0,0,0,0,0,0,0,0,0,0,0,0,0,0,0,0,0,0,0,0,0,0
34,SMP,SANTA MARTA-RIOHACHA-PARAGUACHoN,ALTO PINO,78230,68291,77989,71805,83063,77763,79065,75793,74170,78084,83090,96055,2743.45161290323,2692.10714285714,2794.22580645161,2772.76666666667,3078.90322580645,2927.93333333333,3047.93548387097,3061.45161290323,3089.73333333333,3072.54838709677,2987.73333333333,3591.41935483871,181820,130604,154935,143557,145362,149184,156102,153731,140036,149186,142114,164997
35,SMP,SANTA MARTA-RIOHACHA-PARAGUACHoN,EL EBANAL,76405,59804,72422,59611,58418,64022,72289,68281,66594,71597,69316,78334,2673.58064516129,2279.07142857143,2185.51612903226,2448.4,2095.32258064516,2330.26666666667,2394.54838709677,2283.45161290323,2263.26666666667,2378.74193548387,2335.76666666667,2701.83870967742,87311,65127,80070,71488,68998,72526,80554,75638,70850,73013,70929,86845
36,SMP,SANTA MARTA-RIOHACHA-PARAGUACHoN,NEGUANJE,138334,80663,106330,76665,83430,87445,98729,94514,81026,87771,87154,109153,4680.25806451613,3005.64285714286,3031.09677419355,3577.56666666667,2898.87096774194,3197.33333333333,3406.87096774194,3156,2817.3,3180.90322580645,3139.4,3857.06451612903,152394,87451,119406,97084,92582,101627,119640,115612,98122,102014,103792,129463
37,SMP,SANTA MARTA-RIOHACHA-PARAGUACHoN,PARAGUACHON,29217,29308,33678,32501,35310,35470,43485,51105,52437,56258,56877,61276,1930.32258064516,1938.17857142857,1828.51612903226,1817.2,1720.29032258065,1751.9,1987.58064516129,2271.25806451613,2296.66666666667,2299.64516129032,2425.96666666667,2884.48387096774,77902,63791,59363,58706,53101,52875,64956,64174,61102,64745,65382,89188
38,MVC,MALLA VIAL DEL VALLE DEL CAUCA Y CAUCA,CENCAR,193386,187246,192522,182076,191077,189967,194543,196328,187201,190355,189018,214907,5980.35483870968,6208.28571428572,6166.09677419355,5994.63333333333,6095.45161290323,6370.23333333333,6155.16129032258,6160.58064516129,5829.86666666667,5704.16129032258,6004.73333333333,6586.48387096774,177434,163238,181611,176809,184195,183256,188432,193895,187396,195956,0,0
39,MVC,MALLA VIAL DEL VALLE DEL CAUCA Y CAUCA,CERRITO,478917,371470,441557,378349,412094,401170,450448,450908,406256,437743,432429,516584,15957.064516129,13686.3214285714,13625.6451612903,15229.7333333333,13285.3225806452,14443.2666666667,15297.8387096774,14964.1935483871,14092.1,14595.2580645161,14713.1666666667,17401.7096774194,513915,393678,477566,429964,425268,448723,486448,474464,436729,469474,0,0
40,MVC,MALLA VIAL DEL VALLE DEL CAUCA Y CAUCA,CIAT,290790,263613,284751,275667,291319,287072,306187,307524,292953,305690,303109,350669,10253.1612903226,10019.9642857143,9962.90322580645,9843.03333333333,10310.9032258065,10223,10369.4516129032,10311.6774193548,10010.3333333333,10047.7096774194,10282.4666666667,11662.9677419355,323527,286893,313297,310079,318460,311339,325536,329820,314719,330766,0,0
41,MVC,MALLA VIAL DEL VALLE DEL CAUCA Y CAUCA,ESTAMBUL,425420,395937,425982,412043,439171,444898,482301,468952,444007,462926,462372,524790,15189.2258064516,14917.8928571429,15067.7741935484,14948.7666666667,15083.0967741936,15555.6,15790.5483870968,15643.5483870968,14505.4333333333,14171.8064516129,14937.2666666667,16874.3225806452,469229,423858,472464,452376,467533,460400,488886,487530,462452,489194,0,0
42,MVC,MALLA VIAL DEL VALLE DEL CAUCA Y CAUCA,MEDIACANOA,247748,200820,236395,202887,218899,198428,211955,238032,211373,227279,222578,232527,7612.54838709677,6868.17857142857,6713.32258064516,7136.66666666667,6304.25806451613,7069.03333333333,7470.35483870968,7225.1935483871,6710,6959.09677419355,7089.33333333333,7211.67741935484,229284,190692,222354,201573,201855,208400,227783,228275,203337,216892,0,0
43,MVC,MALLA VIAL DEL VALLE DEL CAUCA Y CAUCA,PASO DE LA TORRE,25437,22339,24585,24152,25983,26254,29884,26939,26701,27635,25843,30527,909.677419354839,875.5,859.354838709677,911.366666666667,844.741935483871,911.7,946.354838709677,884.903225806452,857.733333333333,892.806451612903,926.3,1078.77419354839,28642,26527,30714,30514,27657,27886,29668,29391,27646,29843,0,0
44,MVC,MALLA VIAL DEL VALLE DEL CAUCA Y CAUCA,ROZO,118214,95641,109865,98059,108318,107063,121019,114292,104970,111438,110209,128032,3952.25806451613,3493.17857142857,3565.90322580645,3781.66666666667,3608.32258064516,3803.06666666667,3935.83870967742,3824.45161290323,3579.83333333333,3691.1935483871,3849.9,4327.1935483871,126205,100832,116331,110936,109066,112361,121203,118181,109342,117288,0,0
45,MVC,MALLA VIAL DEL VALLE DEL CAUCA Y CAUCA,TUNIA,239447,183591,226546,186438,201084,133276,214002,225164,199745,212793,214318,246716,7992.25806451613,6510.71428571429,6464.70967741936,7554.4,6584.96774193548,7119.73333333333,7619.8064516129,7356.03225806452,6826.4,6705.09677419355,6035.76666666667,8281.1935483871,257357,185831,235556,214390,208193,218417,241636,229114,211439,228591,0,0
46,MVC,MALLA VIAL DEL VALLE DEL CAUCA Y CAUCA,VILLARICA,330247,272409,321510,277106,295280,237760,318263,330214,300347,316619,316328,364238,11275.1290322581,9744.10714285714,9684.70967741935,10781.0333333333,9892.93548387097,10476.8666666667,10992.935483871,10784.0322580645,10255.7,10199.5806451613,9200.56666666667,12101.2258064516,362643,280022,343165,317608,315641,322113,351726,341067,320338,342988,0,0
47,AMC,AREA METROPOLITANA DE CUCUTA Y NORTE DE SANTANDER,EL ESCOBAL,66963,71955,71917,75100,75916,71642,79769,87755,93932,95902,92443,101253,2857.48387096774,3123.10714285714,3169,2995.56666666667,2971.64516129032,3011.46666666667,3114.87096774194,3276,3421.3,3398.74193548387,3413.2,3630.32258064516,93452,96997,108377,109868,109740,106294,114685,118786,116398,121039,121283,137281
48,AMC,AREA METROPOLITANA DE CUCUTA Y NORTE DE SANTANDER,LA PARADA,332881,343622,355894,366972,374540,352280,381386,418040,457070,453551,431108,462565,13189.2580645161,14590.4285714286,14789.5806451613,13678.7333333333,13983,14010.0333333333,14441.3225806452,15249.1612903226,15600.9666666667,14901,15647.3666666667,17109.3225806452,454683,454425,487234,498338,511312,486228,515520,534735,544885,552355,541036,611385
49,AMC,AREA METROPOLITANA DE CUCUTA Y NORTE DE SANTANDER,LOS ACACIOS,190052,148877,183403,151553,172970,164165,174848,181082,160725,177569,164662,187561,6223.83870967742,5382.92857142857,5313.51612903226,6157.73333333333,5559.35483870968,5910.83333333333,5997.74193548387,5935.09677419355,5546.23333333333,5963.22580645161,5897.5,6386.45161290323,207255,152652,198849,173194,175876,186892,203968,206199,186508,187477,182471,216634
50,BGG,BOGOTA (BOSA) - GRANADA - GIRARDOT S.A.,CHINAUTA,753404,451194,608688,456602,0,0,0,0,0,0,0,0,0,0,0,0,0,0,0,0,0,0,0,0,0,0,0,0,0,0,0,0,0,0,0,0
51,BGG,BOGOTA (BOSA) - GRANADA - GIRARDOT S.A.,CHUSACA,901913,578198,758332,589225,0,0,0,0,0,0,0,0,0,0,0,0,0,0,0,0,0,0,0,0,0,0,0,0,0,0,0,0,0,0,0,0
52,BTS,BRICEÑO - TUNJA - SOGAMOSO,ALBARRACIN,411188,280997,377069,283988,339126,314921,299591,350355,305016,354488,337603,469466,13855.4193548387,10384.4285714286,10548.2580645161,12537.3666666667,10835.4193548387,11812.5333333333,12167.9677419355,11928.3225806452,10289.3,11733.9032258065,11710.9,16692.0322580645,117298,84119,102185,87193,91424,91598,94288,91648,89153,98941,98799,114978
53,BTS,BRICEÑO - TUNJA - SOGAMOSO,EL ROBLE,598914,428277,549605,431198,500518,473836,468375,508969,455449,526809,506297,657040,20133.5806451613,15782.25,15929.6774193548,18497.9666666667,16365.1935483871,17618.1333333333,18023.9032258065,17654.5806451613,15716.1,17569.6129032258,17596.7666666667,23189.7741935484,650287,455763,591471,497772,514603,566983,592646,582742,520042,577706,573343,777778
54,BTS,BRICEÑO - TUNJA - SOGAMOSO,TUTA,429577,327420,391400,335927,370244,351435,298344,385503,348838,387402,372255,469794,14113.7419354839,11866.2142857143,11936.2258064516,13039.6666666667,12122.064516129,12801.4666666667,13005.3225806452,12689.1935483871,11921.3,12765.9032258065,12922.3,16214.8064516129,460916,342177,410338,370527,385147,405375,428274,422143,388911,419903,417536,541955
55,CS,CoRDOBA - SUCRE,LA ESPERANZA,0,0,0,43156,102925,102506,109456,103542,96451,99274,94462,111557,4032.70967741936,3045.42857142857,3196.61290322581,3758.3,3197.32258064516,3354.1,3415.48387096774,3313.45161290323,3332.56666666667,3379.54838709677,3345,3853.90322580645,134234,91874,112953,102991,97460,92965,108550,102825,95881,103128,100076,120453
58,CS,CoRDOBA - SUCRE,LAS FLORES,338197,293907,322998,297445,307021,303632,311663,314944,310695,319818,314431,361104,10768.9677419355,9852.14285714286,9863.87096774194,10049.0333333333,9681.8064516129,9969.63333333333,10070.5483870968,9961.77419354839,10145.2333333333,10089.6451612903,10366.0666666667,11598.0322580645,333117,272515,310113,297108,295749,287894,308496,306438,299307,314521,302765,349194
61,CS,CoRDOBA - SUCRE,LOS GARZONES 1 Y LOS GARZONES 2,469804,401559,452539,406289,434116,438555,451228,446984,428369,445569,437048,489650,15138.2580645161,13916.1428571429,14091.7096774194,14421.5666666667,13840.935483871,14316.7,14444.5161290323,14449.7096774194,13944.1666666667,13885.935483871,14350.4666666667,15392.8387096774,457150,382433,437121,415892,423826,419963,441564,440409,420007,446850,430763,481567
64,GIC,GIRARDOT - IBAGUE - CAJAMARCA,CHICORAL,340038,224868,290171,232048,256354,255944,278906,284510,248617,282117,270470,340845,11003.4838709677,8112.89285714286,8190.45161290322,9719.36666666667,7732.48387096774,9594.03333333333,9797.45161290323,9192.64516129032,8679.96666666667,9510.90322580645,9044.76666666667,11316.1612903226,340259,227038,286422,252995,249418,282311,298503,286491,258763,297913,282679,348521
65,GIC,GIRARDOT - IBAGUE - CAJAMARCA,GUALANDAY,499054,359078,444072,377511,408079,404752,432111,439144,398181,441263,423886,515713,16372.7419354839,12885.2142857143,12913.6129032258,14614.2,12501.1290322581,14618.1,14659.8064516129,14020.8387096774,13486.6,14368.7419354839,14175.9,17058.3225806452,509402,362739,442517,399829,398383,433402,451034,430513,395993,448546,430206,515008
66,PL,PEREIRA - LA VICTORIA,CERRITOS II,356980,285596,331024,290987,310210,293582,317057,338022,303469,324704,320480,370572,11729.0967741935,10024.25,10002.6774193548,10728.2,9879.1935483871,10563.5666666667,10844.5161290323,10713.0322580645,10058.7333333333,10478.8387096774,10766.7666666667,12279.4516129032,365220,270068,318382,297504,296904,304340,329930,328785,297487,319386,314930,366352
67,RPC,RUMICHACA - PASTO - CHACHAGUI,CANO,0,0,0,0,0,0,0,0,0,0,0,0,0,0,0,0,0,0,0,0,0,0,0,0,0,0,0,0,0,0,0,0,0,0,0,0
68,RPC,RUMICHACA - PASTO - CHACHAGUI,DAZA,0,0,0,0,0,0,0,0,0,0,0,0,0,0,0,0,0,0,0,0,0,0,0,0,0,0,0,0,0,0,0,0,0,0,0,0
69,RPC,RUMICHACA - PASTO - CHACHAGUI,EL PLACER,0,0,0,0,0,0,0,0,0,0,0,0,0,0,0,0,0,0,0,0,0,0,0,0,0,0,0,0,0,0,0,0,0,0,0,0
70,RC,RUTA CARIBE,BAYUNCA,116947,109844,119595,112577,111040,112857,115163,118406,114666,116168,114654,128365,3872.35483870968,4007.75,3913.58064516129,3838.06666666667,3759.77419354839,3885.93333333333,3734.74193548387,3862.77419354839,3825.16666666667,3682,3662.93333333333,3855.16129032258,114486,104573,114730,113303,110741,109256,112698,110426,104440,112553,107473,119082
71,RC,RUTA CARIBE,GALAPA,229113,210508,229872,215015,219500,213009,223793,221567,213679,222279,218493,243956,7161.1935483871,7320.42857142857,7491,7210.63333333333,7102.09677419355,7252.6,7471.03225806452,7548.32258064516,7374.2,7295.22580645161,7562.5,7887.87096774194,228982,203910,238032,224850,224452,218380,228815,233013,222630,228351,223998,242437
72,RC,RUTA CARIBE,GAMBOTE,208300,158315,186899,156479,160005,158750,163172,170170,157297,165673,159844,191344,6432.70967741936,5179.82142857143,5225.12903225806,5970.03333333333,5176.70967741936,5580.73333333333,5530.22580645161,5324.16129032258,5230.06666666667,5361.54838709677,5412.9,6336.67741935484,205424,149429,181586,168728,161927,164692,173637,171901,159108,172247,161680,197562
73,RC,RUTA CARIBE,PASACABALLOS,0,0,0,0,0,0,0,0,0,0,0,0,0,0,2936.86206896552,3084.3,2763.61290322581,2973.83333333333,2927.74193548387,2828.93548387097,2786.76666666667,2801.58064516129,2824.5,3134.61290322581,101880,76785,90347,84457,80123,81435,86212,88206,81762,87890,84942,96527
74,RC,RUTA CARIBE,PONEDERA,0,0,0,0,0,0,0,0,0,0,0,0,0,0,0,0,0,0,0,0,0,0,0,0,0,0,0,0,0,0,0,0,0,0,0,0
75,RC,RUTA CARIBE,SABANAGRANDE,306516,272304,300536,286384,297518,294415,304546,311820,302202,314346,307853,350405,10421.6129032258,10545.4642857143,10319.8387096774,10464.7666666667,10090.8064516129,10273.7333333333,10277.5161290323,10261.5161290323,10174.1666666667,10190.0967741935,10346.3,11113.9032258065,321140,286541,321151,301752,307127,294885,308236,309329,299989,315034,309205,338107
76,RC,RUTA CARIBE,TURBACO,481638,440258,480517,455233,474672,457723,482933,481812,468534,471112,442580,516538,16162.9032258065,15956.0714285714,16719.6451612903,16749.5666666667,16580.0322580645,16781.2333333333,17027.4838709677,17040.8387096774,16578.8666666667,16872.2580645161,16154.8,18137.7741935484,540918,478475,542173,521376,525838,506831,540190,543660,524894,538207,503249,578335
77,RDS1,RUTA DEL SOL 1,EL KORAN,185748,103027,135538,99077,108304,112837,117715,121292,105371,125948,123419,168667,5832,3515.89285714286,3607.96774193548,4493.13333333333,4087.41935483871,4390.6,4191.51612903226,4263.03225806452,3856.36666666667,4455.67741935484,4370.3,5952.61290322581,191762,103556,134299,119646,113442,126014,131813,127193,111517,129817,128384,190185
78,RDS2,RUTA DEL SOL SECTOR 2,AGUAS NEGRAS,197229,120500,147347,124425,125077,134885,131106,137888,128349,142278,135228,178389,6382.09677419355,4252.96428571429,4097.48387096774,4823,4006.77419354839,4563.13333333333,4389.09677419355,4300.54838709677,4283.5,4691.55,0,0,449606,295750,394704,327786,336838,383911,401444,395070,342492,389079,384287,564309
79,RDS2,RUTA DEL SOL SECTOR 2,GAMARRA,0,0,0,15697200,27052700,18442400,16223200,57026900,104667700,40580900,61982200,34759400,1402.1935483871,1414.67857142857,1288.64516129032,1314.2,1254.54838709677,1201.56666666667,1270.09677419355,1248.67741935484,1244.96666666667,1277.8,0,0,0,0,0,0,0,0,0,0,0,0,0,0
80,RDS2,RUTA DEL SOL SECTOR 2,LA GOMEZ,161196,100913,115893,100227,93041,103249,100873,101799,96511,104881,102179,131745,4895.45161290323,3149.92857142857,3046.70967741935,3602.06666666667,2963.38709677419,3282.7,3181.48387096774,3164.22580645161,3119.26666666667,3483.1,0,0,0,0,0,0,0,0,0,0,0,0,0,0
81,RDS2,RUTA DEL SOL SECTOR 2,MORRISON,272137,179564,207652,183641,179257,186452,178316,191195,179391,192399,188696,233909,8510.22580645161,5970.60714285714,5851.48387096774,6684.96666666667,5803.22580645161,6309.43333333333,6085.16129032258,5990.90322580645,6067.86666666667,6543.7,0,0,0,0,0,0,0,0,0,0,0,0,0,0
82,RDS2,RUTA DEL SOL SECTOR 2,PAILITAS,251656,155982,188816,163333,161484,167053,159179,173029,163306,176583,172427,214955,7981.77419354839,5304,5125.8064516129,6033.3,5091.87096774194,5660.66666666667,5452.38709677419,5325,5331.03333333333,5835.7,0,0,0,0,0,0,0,0,0,0,0,0,0,0
83,RDS2,RUTA DEL SOL SECTOR 2,PLATANAL,78224,58097,67922,66343,64141,64349,60989,67511,61066,67328,65985,73677,2417,1984.28571428571,1902,2129.6,1946.87096774194,2064.2,2050.70967741935,2089,2118.7,2088.5,0,0,0,0,0,0,0,0,0,0,0,0,0,0
84,RDS2,RUTA DEL SOL SECTOR 2,ZAMBITO,169766,105671,125325,108724,108422,116855,115016,120791,117151,128699,118375,151874,5610.32258064516,3584.71428571429,3441.8064516129,4038.33333333333,3351.90322580645,3804.36666666667,3654.29032258065,3601.35483870968,3614.66666666667,3939.9,0,0,0,0,0,0,0,0,0,0,0,0,0,0
85,RDS3,RUTA DEL SOL SECTOR 3,EL COPEY,211825,131599,161149,136975,140858,146092,146860,154534,144892,157618,156959,190743,7251.77419354839,5118.46428571429,5108.09677419355,5465.63333333333,4948.64516129032,5316.06666666667,4932.03225806452,4783.61290322581,4716.66666666667,5047.12903225806,4953.4,6006.32258064516,219416,132320,163364,160105,154196,163544,167693,154902,145767,162046,154900,191343
86,RDS3,RUTA DEL SOL SECTOR 3,EL DIFICIL,87705,67980,75815,70197,65206,68259,69755,80034,79591,87757,90128,97550,3530.96774193548,3290.82142857143,3158.41935483871,2521.73333333333,2482.1935483871,2644.33333333333,2275.03225806452,2146.29032258065,2172.36666666667,2218.29032258065,2317.4,2628.41935483871,86695,61526,74541,70055,67876,74031,74735,71890,68799,73543,71922,85123
87,RDS3,RUTA DEL SOL SECTOR 3,LA LOMA,211722,132343,155130,133243,129142,137178,130107,143952,135997,150764,146362,175567,6744.09677419355,4621.78571428572,4706.06451612903,5345.53333333333,4791.96774193548,5190.93333333333,4708.35483870968,4535.35483870968,4587.23333333333,4850,4763.23333333333,5797.16129032258,215439,131095,161002,151813,150669,164078,164480,154629,147618,160476,153004,190995
88,RDS3,RUTA DEL SOL SECTOR 3,PUENTE PLATO,82395,62384,69979,62315,57209,59130,58659,60767,58477,62172,63233,73248,2531.03225806452,1956.96428571429,1951.93548387097,2287.46666666667,1950.51612903226,2100.46666666667,2049.77419354839,1962.51612903226,1964.06666666667,2020.45161290323,2072.23333333333,2378.1935483871,80253,55564,69226,64450,62389,68446,67911,65794,63330,67286,64718,77509
89,RDS3,RUTA DEL SOL SECTOR 3,TUCURINCA,234135,151783,183028,158484,163421,167776,169309,172250,162009,174783,169189,205548,7573.87096774194,5492.32142857143,5447.51612903226,6206.4,5439.54838709677,5828.4,5676.54838709677,5557.61290322581,5494.8,5831.58064516129,5695.03333333333,6864.83870967742,245396,155709,189006,184845,179888,188059,193380,179758,169771,186504,179904,218307
90,RDS3,RUTA DEL SOL SECTOR 3,VALENCIA,112179,88418,100468,94017,96844,94989,102373,98478,92839,99347,97008,115633,3621.22580645161,3123.53571428571,3068.83870967742,3592.56666666667,3211.25806451613,3263.56666666667,3229.77419354839,3137,3041.8,3173.90322580645,3205.03333333333,3784.25806451613,114506,86696,102437,105465,99249,100226,105625,100389,94410,102661,101740,120647
91,TVA,TRANSVERSAL DE LAS AMERICAS,CEDROS,75446,61695,72841,61000,64686,66588,68352,66105,64850,68420,66984,73872,2373.87096774194,2023,2057.67741935484,2227.66666666667,1874.64516129032,2055.76666666667,2017.1935483871,1991.5,0,0,0,0,0,0,0,0,0,0,0,0,0,0,0,0
92,TVA,TRANSVERSAL DE LAS AMERICAS,PURGATORIO,123889,89737,105636,85919,92443,96542,94673,95120,89786,97696,94204,110439,3806.61290322581,2979.82142857143,2993.48387096774,3386.16666666667,2960.12903225806,3230.4,3153.09677419355,3061.04545454545,0,0,0,0,0,0,0,0,0,0,0,0,0,0,0,0
93,ZMB,ZONA METROPOLITANA DE BUCARAMANGA,LEBRIJA,248170,223071,238804,135135,0,0,0,0,0,0,0,0,0,0,0,0,0,0,0,0,0,0,0,0,0,0,0,0,0,0,0,0,0,0,0,0
94,ZMB,ZONA METROPOLITANA DE BUCARAMANGA,RIONEGRO,171327,121789,139172,72496,0,0,0,0,0,0,0,0,0,0,0,0,0,0,0,0,0,0,0,0,0,0,0,0,0,0,0,0,0,0,0,0
95,M2,AUTOPISTA AL MAR 2,CIRILO,0,0,0,0,0,0,0,0,0,0,0,0,0,0,0,0,0,0,0,0,0,0,0,0,0,0,0,0,0,0,0,0,0,54938,49415,60411
96,P1,AUTOPISTA CONEXIoN PACIFICO 1,AMAGA,226676,188467,226552,196195,219106,210008,217154,231049,199433,217315,201518,238203,7537.54838709677,6637.82142857143,6573.96774193548,7155.43333333333,6743.8064516129,7276.9,7347.25806451613,7010.25806451613,6116.36666666667,6984.90322580645,7346.26666666667,8423.87096774194,2100717800,1663976350,2030450300,1821062100,1226332200,1530527600,1773198150,1899270950,1758902300,1852465800,1866120750,2185983800
97,P2,AUTOPISTA CONEXIoN PACIFICO 2,LA PINTADA,29014,22854,35457,32762,31673,37547,41692,61968,49057,49555,29848,30365,1284.41935483871,1861.39285714286,1171.83870967742,1201.43333333333,1046.83870967742,1207.63333333333,1083.77419354839,1081.35483870968,1053.73333333333,1087.35483870968,1044.6,1196.06451612903,39843,29903,36662,34652,52407,44221,42558,47553,55171,37926,39985,42729
98,P2,AUTOPISTA CONEXIoN PACIFICO 2,PRIMAVERA,209178,136130,170204,121431,150072,137829,145076,141061,119460,146553,158726,196501,6742.67741935484,5012.96428571429,4962.25806451613,5816.2,4962.09677419355,5807.7,5716.1935483871,5646.83870967742,5179.53333333333,5625.45161290323,5555.1,6758.1935483871,208437,138205,177809,159993,167315,177063,189962,183690,154854,175992,169323,206170
99,P3,AUTOPISTA CONEXIoN PACIFICO 3,ACAPULCO,97515,76217,86264,75724,83620,83344,90354,86790,82716,88979,90183,103942,3343.48387096774,2838.64285714286,2868.03225806452,3005.96666666667,2912.96774193548,2903.66666666667,2921.32258064516,2767.74193548387,2589.06666666667,2559.61290322581,2998.96666666667,3472.51612903226,139093,136699,129099,109589,120429,112631,121432,119666,106213,115864,115550,129337
100,P3,AUTOPISTA CONEXIoN PACIFICO 3,SUPIA,181113,120263,166732,116819,135567,131002,139575,156531,127075,144717,137236,168118,5905.67741935484,4191.75,4164.54838709678,4908.1,3984.1935483871,4878.76666666667,4762.58064516129,4734.74193548387,4279.7,4598.1935483871,4527.36666666667,5616.45161290323,176360,108525,141348,130131,120885,135376,147951,145196,124476,142380,133701,164911
101,RM,AUTOPISTAS AL RIO MAGDALENA 2,PUERTO BERRIO,54698,37056,46528,38652,42022,45195,45056,44723,40546,46189,44390,55099,1957.70967741936,1385,1370.67741935484,1549.26666666667,1348.67741935484,1472.53333333333,1452.12903225806,1386.12903225806,1390.96666666667,1483.06451612903,1485.63333333333,1872.8064516129,60148,40511,48889,46666,46222,53995,50340,48233,46965,51494,48311,60096
102,BBY,BUCARAMANGA - BARRANCABERMEJA - YONDo,RIO SOGAMOSO,165769,137965,152381,139862,144753,148031,155475,152476,145218,149761,145671,171852,5365.67741935484,4744.07142857143,4582.1935483871,4820.63333333333,4489.03225806452,4822.9,4850.67741935484,4748.58064516129,4684.9,4954.16129032258,4994.86666666667,3313.03225806452,112962,114889,137239,132045,131497,138800,142366,141883,130827,138482,137159,163816
103,BP,BUCARAMANGA - PAMPLONA,EL PICACHO,0,0,0,0,0,0,63458,67890,62212,67676,65586,78025,2545.51612903226,2136,2060.54838709677,2327.46666666667,2137.03225806452,2235.06666666667,2260,2239.03225806452,2185.33333333333,2372.38709677419,2351.03333333333,2711.03225806452,82269,59850,71445,69528,51792,68859,73328,71906,66187,71078,67532,87229
104,BL,BUGA - LOBOGUERRERO,LOBOGUERRERO,0,0,0,0,0,0,0,0,0,114614,159694,162914,0,0,0,0,0,0,0,0,0,0,0,0,0,0,0,0,0,0,0,0,0,0,0,0
105,CB2,CARTAGENA - BARRANQUILLA CIRCUNVALAR DE LA PROSPERIDAD,GALAPA,0,0,0,0,0,0,0,0,0,0,0,0,0,0,0,0,0,0,0,0,0,0,0,0,0,0,0,0,0,0,0,0,0,0,0,7029
106,CB2,CARTAGENA - BARRANQUILLA CIRCUNVALAR DE LA PROSPERIDAD,JUAN MINA,0,0,0,0,0,0,0,0,0,0,0,0,0,0,0,0,0,0,0,0,0,0,0,0,0,0,0,0,0,0,0,0,0,0,0,0
107,M1,CONCESIoN AUTOPISTA AL MAR 1,PALMITAS,0,0,0,0,0,0,113653,102756,94356,114494,103254,111372,4675.25806451613,3266.75,3219.29032258065,3621.03333333333,3353.87096774194,3640.66666666667,3879.61290322581,3412.54838709677,3243.4,3660.74193548387,3691.63333333333,4325.61290322581,122738,91246,114366,102598,110179,132218,128548,108994,105747,114501,111665,137566
108,M1,CONCESIoN AUTOPISTA AL MAR 1,SAN CRISTOBAL,0,0,0,0,0,0,111671,102953,95336,113155,103944,136925,4202.35483870968,3275.10714285714,3241.54838709677,3873.13333333333,3101.16129032258,3756.43333333333,3794.93548387097,3441.03225806452,3335.93333333333,3526.87096774194,3679.53333333333,4824.93548387097,115449,92218,123030,95059,100790,140738,116300,109774,102910,114361,111805,153358
109,GHP,GIRARDOT - HONDA - PUERTO SALGAR,BRISAS,0,0,0,0,0,0,0,0,0,0,0,0,0,0,0,0,0,0,0,0,0,0,0,0,0,0,0,0,0,0,0,0,0,0,0,0
110,GHP,GIRARDOT - HONDA - PUERTO SALGAR,CAMBAO,0,0,0,0,0,0,0,0,0,0,0,0,0,0,0,0,0,0,0,0,0,0,0,0,3637,8251,8460,6788,6573,8637,9907,11241,10839,13427,13785,22697
111,GHP,GIRARDOT - HONDA - PUERTO SALGAR,GUATAQUI,0,0,0,0,0,0,0,0,0,0,0,0,0,0,0,0,0,0,0,0,0,0,0,0,0,0,0,0,0,0,0,0,0,0,0,0
112,IP-AN,IP - ACCESOS NORTE,ANDES,0,0,0,0,0,0,0,0,0,0,0,0,0,0,0,0,0,0,0,0,0,0,0,40241.8709677419,1088479,1013585,1141929,1075302,1141293,1117738,1113533,1170456,1109877,1131615,1097962,1245613
113,IP-AN,IP - ACCESOS NORTE,FUSCA,0,0,0,0,0,0,0,0,0,0,0,0,0,0,0,0,0,0,0,0,0,0,0,3415.87096774194,83214,95321,104468,92256,101181,98963,92087,122218,123667,114977,116932,125032
114,IP-AN,IP - ACCESOS NORTE,UNISABANA,0,0,0,0,0,0,0,0,0,0,0,0,0,0,0,0,0,0,0,0,0,0,0,234.41935483871,6712,6497,6258,6220,5627,5477,5819,4441,4037,4690,5073,4812
115,IP-AB,IP - ANTIOQUIA BOLIVAR,CAIMANERA,0,0,0,0,0,0,3547,49557,42476,50342,51221,66137,3032.03225806452,1578.14285714286,1589.61290322581,2404.76666666667,1414.25806451613,1749.3,1718.12903225806,1601.87096774194,1387.9,1551.83870967742,1578.3,2007.83870967742,89593,40293,61388,43498,42288,55883,54090,46704,39637,46811,44025,60317
116,IP-AB,IP - ANTIOQUIA BOLIVAR,CEDROS,0,0,0,0,0,0,0,0,0,0,0,0,0,0,0,0,0,0,0,1778.11111111111,1755.5,1749.90322580645,1769.66666666667,2042.35483870968,61109,47349,58944,51514,58799,67981,59113,55198,54243,57076,53727,64190
117,IP-AB,IP - ANTIOQUIA BOLIVAR,LA APARTADA,167764,107243,129057,103840,110086,106122,97907,113156,98690,106531,102194,125142,4561.77419354839,3092.17857142857,3010,3597.13333333333,2822.90322580645,3210.13333333333,3101.54838709677,3261.67741935484,3003.03333333333,3153.61290322581,3037.1,4050.58064516129,154890,91808,116155,104712,78775,59339,102404,106610,93183,105480,102281,135689
118,IP-AB,IP - ANTIOQUIA BOLIVAR,MANGUITOS,0,0,0,0,0,28198,116586,138851,125569,134411,127987,157311,5545.61290322581,4090.03571428571,4070.41935483871,4614.23333333333,3988.61290322581,4348.23333333333,4193.09677419355,4084.29032258065,4049.9,4123.51612903226,4175,5052.51612903226,175756,110916,132792,122133,99084,80263,121014,124377,109983,124871,119806,150954
119,IP-AB,IP - ANTIOQUIA BOLIVAR,MATA DE CAÑA,135359,79026,105414,73636,83863,82108,85713,73147,64695,73969,70050,88102,3605.38709677419,2014.17857142857,2112.48387096774,2904.86666666667,2042.06451612903,2485.96666666667,2512.58064516129,2375.87096774194,2122.6,2256.83870967742,2279.23333333333,2790.54838709677,109344,54227,79789,61920,62764,78611,81659,73893,66819,76946,69842,90098
120,IP-AB,IP - ANTIOQUIA BOLIVAR,PURGATORIO,0,0,0,0,0,0,0,0,0,0,0,0,0,0,0,0,0,0,0,2890.66666666667,2829.6,2925.29032258065,3020.8,3504.06451612903,117549,79774,96913,86736,82801,81844,91719,92291,85496,93664,90131,108378
121,IP-AB,IP - ANTIOQUIA BOLIVAR,SAN CARLOS,0,0,0,0,0,0,0,0,0,0,0,0,0,0,0,0,0,0,0,0,0,0,0,0,0,0,0,0,0,0,0,0,0,0,0,0
122,IP-AB,IP - ANTIOQUIA BOLIVAR,SAN ONOFRE,81662,57323,74191,54475,60597,59654,61792,61326,55921,56442,54804,66585,2366.48387096774,1790.85714285714,1817.96774193548,2266.73333333333,1781.87096774194,2005.2,1896.25806451613,1808.25806451613,1788.46666666667,1759.64516129032,1807.53333333333,2194.09677419355,75748,51664,63951,60540,56138,58363,62393,58692,53250,57009,55632,71468
123,IP-CM,IP - CAMBAO-MANIZALES,ALVARADO,181869,132747,154115,142040,147430,149079,154976,156819,144321,155354,149700,174197,5949,4710.60714285714,4715.09677419355,5085.6,4814.67741935484,5099.36666666667,5135.51612903226,5091.51612903226,4788.76666666667,4935.41935483871,4987.13333333333,5621.16129032258,248671,187535,231634,204391,136455,172753,201723,214975,199674,209782,213607,256115
124,IP-CM,IP - CAMBAO-MANIZALES,HONDA,170599,110976,141250,114929,124956,128373,132815,136506,120465,136745,130147,163719,5938.96774193548,4078.85714285714,4013.03225806452,4674,3885.93548387097,4427.90322580645,4466.38709677419,4325.90322580645,3987.13333333333,4363.64516129032,4327.26666666667,5336.93548387097,182806,117580,143443,125395,124952,136189,142909,134709,119229,134459,124465,152496
125,IP-CG,IP - CESAR - GUAJIRA,RINCON HONDO,0,0,0,0,36945,48376,47773,50120,47236,49677,48150,63978,1953.70967741935,1650.14285714286,1676.29032258065,1960.66666666667,1610.12903225806,1669.33333333333,1680.93548387097,1582.51612903226,1554.7,1581.83870967742,1589.56666666667,1984.67741935484,61769,24706,0,0,0,0,0,0,0,0,0,0
126,IP-CG,IP - CESAR - GUAJIRA,RIO SECO,0,0,0,0,0,0,0,0,19886,65878,63965,80973,2382.70967741935,1909.9375,0,0,0,0,0,0,0,0,0,0,0,0,0,0,0,0,0,0,0,0,0,0
127,IP-CG,IP - CESAR - GUAJIRA,SAN DIEGO,0,0,0,0,31802,117870,121786,122692,115241,118965,115915,142983,4123.61290322581,3878.57142857143,3863.16129032258,3909.23333333333,3820.61290322581,3993,4039.93548387097,4031.48387096774,3933.46666666667,3973,4043.66666666667,4697.16129032258,133587,66367,0,0,0,0,0,0,0,0,0,0
128,IP-CG,IP - CESAR - GUAJIRA,SAN JUAN,147102,126869,142780,135545,137221,132636,142226,137910,133742,140636,139151,157732,4822.96774193548,4627.57142857143,4785.22580645161,4880.36666666667,4865.90322580645,5090.66666666667,5242.1935483871,5175.45161290323,5295.56666666667,5347.77419354839,5412.2,5985.64516129032,175205,93411,0,0,0,0,0,0,0,0,0,0
129,IP-MVM,IP - MALLA VIAL DEL META,CASETABLA,0,0,0,21976,49665,49647,46622,50142,48386,49909,45965,48549,1636.48387096774,1424.07142857143,1535.32258064516,1476.33333333333,1464.58064516129,1439.4,1474.96774193548,1507.35483870968,1454.6,1464.1935483871,1551.1,1610.29032258065,50357,39248,45629,44563,47445,44219,45197,45865,44774,50777,50660,54076
130,IP-MVM,IP - MALLA VIAL DEL META,IRACA,133083,95187,107072,94471,99765,101346,102774,107695,100733,106630,105113,120307,4208.45161290323,3420,3356.87096774194,3499.7,3229.61290322581,3273.46666666667,3384.22580645161,3585.03225806452,3297.63333333333,3447.35483870968,3535.66666666667,3942.90322580645,128739,89700,106323,97267,95708,95827,102794,99967,95431,102903,100835,119374
131,IP-MVM,IP - MALLA VIAL DEL META,LA LIBERTAD,122073,96967,101485,91502,92884,91569,94790,95629,91219,96307,91693,104334,3563,2948.67857142857,2996.12903225806,3076.13333333333,2894.32258064516,3016.6,2962.35483870968,3140.29032258065,2883.76666666667,3006.90322580645,3166.53333333333,3525.35483870968,110693,87220,101601,94072,97645,95810,97044,97142,91356,99182,99204,110471
132,IP-MVM,IP - MALLA VIAL DEL META,OCOA,343303,260550,287434,256722,273333,267507,272888,276056,259747,289876,280205,316550,10384.0967741936,8840.64285714286,8882.93548387097,9194.4,8550.90322580645,8315.63333333333,8672.03225806452,9067.1935483871,8420.93333333333,9196.74193548387,9135.4,10138.8064516129,312655,226355,279828,257296,262948,267758,279347,269267,266521,297714,287157,330469
133,IP-MVM,IP - MALLA VIAL DEL META,YUCAO,0,0,0,13858,31195,29592,26848,29389,28730,30060,29259,33194,1220.8064516129,1019.17857142857,1062.87096774194,1026.33333333333,1025.70967741935,990.866666666667,1005.54838709677,1044.61290322581,1048.46666666667,1024.35483870968,1118.86666666667,1161.06451612903,38143,28846,33241,32290,35395,32374,33799,34938,33305,35828,37878,40667
134,IP-NEG,IP - NEIVA GIRARDOT,EL PATA,0,0,0,0,0,41298,122051,110620,97886,115023,109246,139593,4447.06451612903,3162.64285714286,3234.48387096774,3959.76666666667,3230.48387096774,4005,4083.93548387097,3545.70967741935,3269.46666666667,3702.1935483871,3652.6,4714.32258064516,143371,89177,119658,102212,101423,122572,126207,110736,99276,117698,112811,145866
135,IP-NEG,IP - NEIVA GIRARDOT,FLANDES,0,0,0,0,0,64054,208313,175043,156165,183619,171610,218517,7307.32258064516,5097.42857142857,5281.09677419355,6306.03333333333,5346.32258064516,6624.86666666667,6816.87096774194,5855.93548387097,5269.33333333333,5849.29032258065,5740.46666666667,7394.58064516129,225875,141382,188927,158724,159660,195445,207789,182641,159812,188083,177255,231138
136,IP-NEG,IP - NEIVA GIRARDOT,NEIVA,0,0,0,0,0,55020,159841,150264,138367,158030,152202,182920,5678.67741935484,4408.03571428572,4475.64516129032,5103.16666666667,4464.77419354839,5307.66666666667,5369.61290322581,4848.41935483871,4560.93333333333,5076.51612903226,5037.6,6136.09677419355,184141,129199,164717,145993,147565,166065,171047,155241,144039,163510,157733,194599
137,IP-TC,IP - TERCER CARRIL,CHINAUTA,0,0,0,0,0,0,0,0,0,0,0,733765,25302.3548387097,16892.75,17887.2580645161,21530.9333333333,17471.8709677419,22030.2333333333,22877.1935483871,20155.3548387097,17841.2666666667,21095.2903225806,19778.6,25437.3548387097,797079,476611,664646,529305,536160,690043,721114,633166,554767,668129,625005,775166
138,IP-TC,IP - TERCER CARRIL,CHUSACA,0,0,0,0,0,0,0,0,0,0,0,927587,30333.8387096774,21716.0714285714,22654.8387096774,26617.4,22432.9677419355,27203.1666666667,27963.9032258064,25190.7096774194,22612.9,26171.5161290323,25128.3333333333,31680.4516129032,950891,611014,830465,674230,682220,845407,870132,783549,702719,839977,791663,975938
139,IP-VP,IP - VIA AL PUERTO,LOBOGUERRERO,0,0,0,0,0,0,0,0,0,114614,159694,162914,4500.77419354839,5269.32142857143,4562.67741935484,5281.76666666667,2966.48387096774,5729.66666666667,5565.12903225806,5354.45161290323,5293.23333333333,5157.03225806452,5113.6,5187.67741935484,168777,141513,160978,152073,160946,165199,176492,190031,173616,178367,166294,176831
140,IP-VN,IP - VIA DEL NUS,CISNEROS,0,0,0,19594,47667,50202,50285,51395,46178,52571,51021,63034,2192.06451612903,1589.39285714286,1596.58064516129,1803.26666666667,1609.25806451613,1754.3,1738.1935483871,1686.35483870968,1584.2,1727,1720.33333333333,2207.1935483871,69598,48062,59421,55303,55037,63487,61606,59146,56575,61488,57370,72715
141,POC,PERIMETRAL DE ORIENTE DE CUNDINAMARCA,LA CABAÑA,59250,50147,57752,50772,58128,55660,57389,56902,51633,55783,53610,56251,1853.51612903226,1796.42857142857,1729.54838709677,1830.2,1721.64516129032,1633.06666666667,1667.09677419355,1684.64516129032,1571.76666666667,1639.32258064516,1584.93333333333,1639.74193548387,51172,42861,47801,41754,37042,32871,30919,32202,35393,40209,45235,52613
142,POC,PERIMETRAL DE ORIENTE DE CUNDINAMARCA,PATIOS,142677,137255,143846,145237,153732,145847,143789,145099,143766,145712,140530,152842,4457.87096774194,4720.64285714286,4610.12903225806,4582.16666666667,4619.35483870968,4482.66666666667,4274.12903225806,4426.48387096774,4325.63333333333,4159,4271.53333333333,4478.32258064516,126042,119737,134256,126293,129445,120884,105789,113652,113956,118015,123116,141107
143,PHC,PUERTA DE HIERRO - CRUZ DEL VISO,CALAMAR,97215,75682,91891,72393,79594,76838,80567,80841,75210,81702,78547,95384,3038.54838709677,2559.17857142857,2489.87096774194,2878.23333333333,2489.38709677419,2688.76666666667,2645.1935483871,2555.90322580645,2437.3,2580.09677419355,2656.1,3091.48387096774,92602,68229,83621,76497,71417,71198,78782,76131,71013,77759,76433,92234
144,PHC,PUERTA DE HIERRO - CRUZ DEL VISO,EL CARMEN,127543,93046,114505,93310,99686,98885,102272,105760,98755,110440,105912,130226,4292.41935483871,3348.07142857143,3318.64516129032,3784.9,3257.51612903226,3524.53333333333,3496.25806451613,3367.54838709677,3303.33333333333,3504.32258064516,3592.16666666667,4200.67741935484,131486,90567,111073,102785,94591,95824,107793,103273,96638,106857,103684,124633
145,RP,RUMICHACA - PASTO,EL PLACER,208113,170098,196233,181944,191710,148897,171091,218581,183318,190771,191326,223790,6797.41935483871,5940,5568.61290322581,6043.8,5735.38709677419,5924.1,6394.90322580645,6296.48387096774,5984.76666666667,5907.45161290323,6075.03333333333,7084.83870967742,212383,166550,197465,183944,188553,187283,202059,195734,179559,182497,172724,198026
146,SMN,SANTANA-MOCOA-NEIVA,ALTAMIRA,111120,84031,101005,89415,96922,92988,97479,104534,101744,113812,111004,125534,3804.45161290323,3174.82142857143,3190.74193548387,3523.83333333333,3064.93548387097,3314.06666666667,3318.35483870968,3308.64516129032,3159.46666666667,3270.74193548387,3364,3803.67741935484,101016,85340,98276,93962,93823,91076,97179,94174,88958,89538,88780,112008
147,SMN,SANTANA-MOCOA-NEIVA,LOS CAUCHOS,178548,142711,163229,148280,158264,155178,160506,164369,157680,169879,165432,190735,5556.90322580645,4568.32142857143,4926.90322580645,5295.7,4879.8064516129,5315.06666666667,5357.22580645161,5216.45161290323,5083.16666666667,5153.38709677419,5217.73333333333,6063.03225806452,175755,134753,159997,143921,144695,150635,157955,155363,146853,160183,155233,183518
148,TVS,TRANSVERSAL DEL SISGA,MACHETA,72094,44988,58182,44078,54480,52568,51303,52411,48807,57399,55171,64265,2328.1935483871,1576.39285714286,1605.77419354839,1890.06666666667,1630.35483870968,1798.73333333333,1755.1935483871,1704.22580645161,1609.06666666667,1781.61290322581,1787.8,2178.35483870968,69726,45418,56748,45836,48571,51736,49424,49533,44658,55233,55079,68252
149,VY,VILLAVICENCIO-YOPAL,PUENTE AMARILLO,343383,263257,302219,261428,282668,271290,295371,290176,275589,291576,280986,323012,10558.4838709677,9082.75,9113,9795,9012.64516129032,9347.1,9298.54838709677,9696.70967741935,9249.3,9605.96774193548,9603.8,11152.0322580645,333206,258196,309511,274811,282843,282422,300120,298501,281962,304137,297958,348076
150,VY,VILLAVICENCIO-YOPAL,SAN PEDRO,85122,65585,74338,65591,68147,69837,70869,74179,66609,73338,71301,83320,2720.38709677419,2287.46428571429,2363.8064516129,2565.16666666667,2476.61290322581,2527.6,2443.74193548387,2710.64516129032,2720.9,2502,2523,2828.87096774194,86552,66689,76136,72343,77115,76355,80658,87461,77080,79908,78649,91236
151,VY,VILLAVICENCIO-YOPAL,VERACRUZ,122715,85834,97087,83956,85356,86725,89109,90817,87291,92137,88134,105451,3655.61290322581,2980.89285714286,2968.96774193548,3086.5,2941.03225806452,3063.73333333333,2930.41935483871,3241.93548387097,3190.76666666667,3060.06451612903,3034.83333333333,3595.12903225806,114198,82852,96216,87725,87860,87651,93455,94608,86175,93941,90363,108649
152,ZP,ZIPAQUIRA - PALENQUE,CASABLANCA,327300,238905,300428,243465,273766,266477,277834,285758,252833,293486,275877,321201,10452.7419354839,8376.21428571429,8362.61290322581,9756.66666666667,8321,9140.13333333333,0,0,0,0,0,0,0,0,0,0,0,0,0,0,0,0,0,0
153,ZP,ZIPAQUIRA - PALENQUE,CURITI,191839,113766,154733,111937,127895,128810,129025,132620,119282,139235,136215,171958,5967.38709677419,3972.17857142857,4004.83870967742,4971.86666666667,4006,4589.23333333333,0,0,0,0,0,0,0,0,0,0,0,0,0,0,0,0,0,0
154,ZP,ZIPAQUIRA - PALENQUE,LOS CUROS,199706,129244,166923,127969,141925,142636,139641,149190,138273,156464,153758,188645,6378.25806451613,4612.89285714286,4550.22580645161,5447.63333333333,4529.12903225806,5062.76666666667,0,0,0,0,0,0,0,0,0,0,0,0,0,0,0,0,0,0
155,ZP,ZIPAQUIRA - PALENQUE,OIBA,157019,90282,126134,90122,103540,103607,100525,110136,100409,117547,112604,146394,5181.93548387097,3350.71428571429,3344.35483870968,4264.3,3350.87096774194,3869.46666666667,0,0,0,0,0,0,0,0,0,0,0,0,0,0,0,0,0,0
156,ZP,ZIPAQUIRA - PALENQUE,SABOYA,143937,77110,111526,75850,93839,93138,99508,98367,83069,104283,97231,123093,4534.35483870968,2791.64285714286,2839.41935483871,3632.06666666667,2811.45161290323,3296.2,0,0,0,0,0,0,0,0,0,0,0,0,0,0,0,0,0,0
